{"lr": 0.005, "data_time": 0.11238908767700195, "loss": 2.6110023617744447, "loss_classifier": 1.858772623538971, "loss_box_reg": 0.5587568044662475, "loss_objectness": 0.11336596794426441, "loss_rpn_box_reg": 0.08010695688426495, "time": 0.9024862289428711, "epoch": 1, "memory": 5037, "step": 10}
{"bbox_mAP": 0.0004943522521266211, "bbox_mAP_50": 0.0006972528238739367, "bbox_mAP_75": 0.0006507693022823409, "bbox_mAP_s": 0.0, "bbox_mAP_m": 0.000525358658314811, "bbox_mAP_l": 0.001156712445438092, "data_time": 0.09704381227493286, "time": 0.7386875599622726, "step": 1}
{"lr": 0.005, "data_time": 0.11973373889923096, "loss": 1.8309189438819886, "loss_classifier": 1.0651409387588502, "loss_box_reg": 0.5054084151983261, "loss_objectness": 0.15978058222681285, "loss_rpn_box_reg": 0.10058901812881231, "time": 0.772267508506775, "epoch": 2, "memory": 5037, "step": 26}
{"bbox_mAP": 0.004720472840819643, "bbox_mAP_50": 0.01277672196102451, "bbox_mAP_75": 0.001556826929240537, "bbox_mAP_s": 0.0009190361169165591, "bbox_mAP_m": 0.00568962846009242, "bbox_mAP_l": 0.011505013625988785, "data_time": 0.08700842015883502, "time": 0.7285682453828699, "step": 2}
{"lr": 0.005, "data_time": 0.11785323619842529, "loss": 1.3895418703556062, "loss_classifier": 0.6806589126586914, "loss_box_reg": 0.49974859654903414, "loss_objectness": 0.1235862921923399, "loss_rpn_box_reg": 0.08554806029424071, "time": 0.7882344245910644, "epoch": 3, "memory": 5037, "step": 42}
{"bbox_mAP": 0.03707913198511516, "bbox_mAP_50": 0.09049451410529667, "bbox_mAP_75": 0.0166476284363993, "bbox_mAP_s": 0.011358382696960474, "bbox_mAP_m": 0.04632860756394424, "bbox_mAP_l": 0.0687634549542462, "data_time": 0.1036065606509938, "time": 0.744794298620785, "step": 3}
{"lr": 0.005, "data_time": 0.10544786453247071, "loss": 1.3477373003959656, "loss_classifier": 0.6262288302183151, "loss_box_reg": 0.49574804306030273, "loss_objectness": 0.13643608931452036, "loss_rpn_box_reg": 0.08932435549795628, "time": 0.7752736568450928, "epoch": 4, "memory": 5037, "step": 58}
{"bbox_mAP": 0.06424314379159156, "bbox_mAP_50": 0.14513124997685575, "bbox_mAP_75": 0.03527209408630666, "bbox_mAP_s": 0.012675599183897034, "bbox_mAP_m": 0.0986527079206413, "bbox_mAP_l": 0.09395609155933855, "data_time": 0.09033381237703211, "time": 0.7413054915035472, "step": 4}
{"lr": 0.005, "data_time": 0.10689189434051513, "loss": 1.221879106760025, "loss_classifier": 0.543096998333931, "loss_box_reg": 0.46931256353855133, "loss_objectness": 0.12678899839520455, "loss_rpn_box_reg": 0.08268056586384773, "time": 0.7859258413314819, "epoch": 5, "memory": 5037, "step": 74}
{"bbox_mAP": 0.08155053982267145, "bbox_mAP_50": 0.17083143921586258, "bbox_mAP_75": 0.05889824778834103, "bbox_mAP_s": 0.020782797546265677, "bbox_mAP_m": 0.11061414578725885, "bbox_mAP_l": 0.12558963261217065, "data_time": 0.09230225226458381, "time": 0.75059772940243, "step": 5}
{"lr": 0.005, "data_time": 0.11509902477264404, "loss": 1.2408734381198883, "loss_classifier": 0.5351204961538315, "loss_box_reg": 0.4627480834722519, "loss_objectness": 0.14066968001425267, "loss_rpn_box_reg": 0.10233516898006201, "time": 0.8036365032196044, "epoch": 6, "memory": 5037, "step": 90}
{"bbox_mAP": 0.09095527227284209, "bbox_mAP_50": 0.19676419541308038, "bbox_mAP_75": 0.06090946374169339, "bbox_mAP_s": 0.02871735145223347, "bbox_mAP_m": 0.1370993571939954, "bbox_mAP_l": 0.1346799386246709, "data_time": 0.09486080618465648, "time": 0.7614504169015324, "step": 6}
{"lr": 0.005, "data_time": 0.11517658233642578, "loss": 1.110373067855835, "loss_classifier": 0.4778467684984207, "loss_box_reg": 0.4292364835739136, "loss_objectness": 0.11351295735221356, "loss_rpn_box_reg": 0.08977685645222663, "time": 0.8071608066558837, "epoch": 7, "memory": 5037, "step": 106}
{"bbox_mAP": 0.11788308339948204, "bbox_mAP_50": 0.24188388112434234, "bbox_mAP_75": 0.09426969837796846, "bbox_mAP_s": 0.03399871092105823, "bbox_mAP_m": 0.16354212930309045, "bbox_mAP_l": 0.17505671455794378, "data_time": 0.09362972483915441, "time": 0.7606864115771126, "step": 7}
{"lr": 0.005, "data_time": 0.11559007167816163, "loss": 1.0921210646629333, "loss_classifier": 0.4466549575328827, "loss_box_reg": 0.43062896132469175, "loss_objectness": 0.1255253493785858, "loss_rpn_box_reg": 0.08931178953498602, "time": 0.8041409015655517, "epoch": 8, "memory": 5037, "step": 122}
{"bbox_mAP": 0.13665670594971174, "bbox_mAP_50": 0.27096770296174477, "bbox_mAP_75": 0.11692687672428441, "bbox_mAP_s": 0.0459217878918264, "bbox_mAP_m": 0.19193586602713686, "bbox_mAP_l": 0.19497403962810791, "data_time": 0.09209805376389447, "time": 0.7589496864992029, "step": 8}
{"lr": 0.005, "data_time": 0.11845550537109376, "loss": 1.0883415043354034, "loss_classifier": 0.4241022884845734, "loss_box_reg": 0.4019900500774384, "loss_objectness": 0.16599472649395466, "loss_rpn_box_reg": 0.09625445976853371, "time": 0.8122080326080322, "epoch": 9, "memory": 5037, "step": 138}
{"bbox_mAP": 0.1510264247463713, "bbox_mAP_50": 0.29817246210521, "bbox_mAP_75": 0.124623631275349, "bbox_mAP_s": 0.04847425890680515, "bbox_mAP_m": 0.20248934019851134, "bbox_mAP_l": 0.2146479473924481, "data_time": 0.09280277700985179, "time": 0.7622234540827134, "step": 9}
{"lr": 0.005, "data_time": 0.11487257480621338, "loss": 1.0648714005947113, "loss_classifier": 0.4101889044046402, "loss_box_reg": 0.4088074564933777, "loss_objectness": 0.1515083471313119, "loss_rpn_box_reg": 0.0943666897714138, "time": 0.8050023555755615, "epoch": 10, "memory": 5037, "step": 154}
{"bbox_mAP": 0.16410025305541975, "bbox_mAP_50": 0.3191321982753931, "bbox_mAP_75": 0.13608894264435617, "bbox_mAP_s": 0.05831130477043155, "bbox_mAP_m": 0.21124000574504279, "bbox_mAP_l": 0.22936113664816862, "data_time": 0.10647085133720846, "time": 0.7733179120456471, "step": 10}
{"lr": 0.005, "data_time": 0.10988171100616455, "loss": 1.0264285564422608, "loss_classifier": 0.408610600233078, "loss_box_reg": 0.4121136963367462, "loss_objectness": 0.11121851233765483, "loss_rpn_box_reg": 0.09448575330898165, "time": 0.798678994178772, "epoch": 11, "memory": 5037, "step": 170}
{"bbox_mAP": 0.17652781683195967, "bbox_mAP_50": 0.3373860219542395, "bbox_mAP_75": 0.16024437897051405, "bbox_mAP_s": 0.06383275211679403, "bbox_mAP_m": 0.22071509350917418, "bbox_mAP_l": 0.24310749573581864, "data_time": 0.1071329257067512, "time": 0.7755449379191679, "step": 11}
{"lr": 0.005, "data_time": 0.10768539905548095, "loss": 0.9710832715034485, "loss_classifier": 0.3826102286577225, "loss_box_reg": 0.40775840878486636, "loss_objectness": 0.10099641755223274, "loss_rpn_box_reg": 0.07971820831298829, "time": 0.7965023040771484, "epoch": 12, "memory": 5037, "step": 186}
{"bbox_mAP": 0.19976478899497535, "bbox_mAP_50": 0.36519800605863434, "bbox_mAP_75": 0.18943008538046455, "bbox_mAP_s": 0.060940531061085844, "bbox_mAP_m": 0.229155368720627, "bbox_mAP_l": 0.2687803349395783, "data_time": 0.09428523568546071, "time": 0.7630863470189712, "step": 12}
{"lr": 0.005, "data_time": 0.1420769214630127, "loss": 1.0393373370170593, "loss_classifier": 0.40380732119083407, "loss_box_reg": 0.4266990125179291, "loss_objectness": 0.11692574024200439, "loss_rpn_box_reg": 0.09190526083111764, "time": 0.8366433382034302, "epoch": 13, "memory": 5037, "step": 202}
{"bbox_mAP": 0.21204403684961465, "bbox_mAP_50": 0.38901397350566624, "bbox_mAP_75": 0.20248756552526176, "bbox_mAP_s": 0.06707955989494344, "bbox_mAP_m": 0.23549621635304485, "bbox_mAP_l": 0.28883192117525786, "data_time": 0.09367140601663028, "time": 0.7625778422636145, "step": 13}
{"lr": 0.005, "data_time": 0.10383567810058594, "loss": 0.8988658398389816, "loss_classifier": 0.3531134769320488, "loss_box_reg": 0.3677006423473358, "loss_objectness": 0.09952747263014317, "loss_rpn_box_reg": 0.07852425100281835, "time": 0.7938874244689942, "epoch": 14, "memory": 5037, "step": 218}
{"bbox_mAP": 0.2246538599946268, "bbox_mAP_50": 0.4024714292936658, "bbox_mAP_75": 0.21853563621495017,